split,n_samples,treatment_rate,outcome_mean,outcome_std
train,2100,0.38571428571428573,0.5324218452600059,2.254949396016689
val,300,0.38666666666666666,0.6246996335742792,2.4439844700663067
test,600,0.38666666666666666,0.44225890475776436,2.145048317234077
